Domain,Logo URL
thehindu.com,https://www.google.com/s2/favicons?domain=thehindu.com&sz=128
allhiphop.com,https://www.google.com/s2/favicons?domain=allhiphop.com&sz=128
sarkariexam.com,https://www.google.com/s2/favicons?domain=sarkariexam.com&sz=128
standartnews.com,https://www.google.com/s2/favicons?domain=standartnews.com&sz=128
deviantart.com,https://www.google.com/s2/favicons?domain=deviantart.com&sz=128
chicagotribune.com,https://www.google.com/s2/favicons?domain=chicagotribune.com&sz=128
dailycaller.com,https://www.google.com/s2/favicons?domain=dailycaller.com&sz=128
betensured.com,https://www.google.com/s2/favicons?domain=betensured.com&sz=128
sourceforge.net,https://www.google.com/s2/favicons?domain=sourceforge.net&sz=128
goodmenproject.com,https://www.google.com/s2/favicons?domain=goodmenproject.com&sz=128
pctechmag.com,https://www.google.com/s2/favicons?domain=pctechmag.com&sz=128
rawmags.com,https://www.google.com/s2/favicons?domain=rawmags.com&sz=128
dgmnews.com,https://www.google.com/s2/favicons?domain=dgmnews.com&sz=128
mensxp.com,https://www.google.com/s2/favicons?domain=mensxp.com&sz=128
dailynewsreleases.com,https://www.google.com/s2/favicons?domain=dailynewsreleases.com&sz=128
techbullion.com,https://www.google.com/s2/favicons?domain=techbullion.com&sz=128
homesblogs.com,https://www.google.com/s2/favicons?domain=homesblogs.com&sz=128
mercedesblog.com,https://www.google.com/s2/favicons?domain=mercedesblog.com&sz=128
thaigernews.com,https://www.google.com/s2/favicons?domain=thaigernews.com&sz=128
gecktech.com,https://www.google.com/s2/favicons?domain=gecktech.com&sz=128
sayingwhisper.com,https://www.google.com/s2/favicons?domain=sayingwhisper.com&sz=128
thunderstormnews.com,https://www.google.com/s2/favicons?domain=thunderstormnews.com&sz=128
kaggle.com,https://www.google.com/s2/favicons?domain=kaggle.com&sz=128
qpoenergy.com,https://www.google.com/s2/favicons?domain=qpoenergy.com&sz=128
homebusinessmag.com,https://www.google.com/s2/favicons?domain=homebusinessmag.com&sz=128
epicauralife.com,https://www.google.com/s2/favicons?domain=epicauralife.com&sz=128
wptavern.com,https://www.google.com/s2/favicons?domain=wptavern.com&sz=128
officerprofile.com,https://www.google.com/s2/favicons?domain=officerprofile.com&sz=128
blessingread.com,https://www.google.com/s2/favicons?domain=blessingread.com&sz=128
thenamestories.com,https://www.google.com/s2/favicons?domain=thenamestories.com&sz=128
thepowerfuldua.com,https://www.google.com/s2/favicons?domain=thepowerfuldua.com&sz=128
islamicduahub.com,https://www.google.com/s2/favicons?domain=islamicduahub.com&sz=128
bestmenuhub.com,https://www.google.com/s2/favicons?domain=bestmenuhub.com&sz=128
fashionweekonline.com,https://www.google.com/s2/favicons?domain=fashionweekonline.com&sz=128
writeupcafe.com,https://www.google.com/s2/favicons?domain=writeupcafe.com&sz=128
affine.pro,https://www.google.com/s2/favicons?domain=affine.pro&sz=128
uniindia.com,https://www.google.com/s2/favicons?domain=uniindia.com&sz=128
siit.co,https://www.google.com/s2/favicons?domain=siit.co&sz=128
techsslaash.com,https://www.google.com/s2/favicons?domain=techsslaash.com&sz=128
issuu.com,https://www.google.com/s2/favicons?domain=issuu.com&sz=128
markets.financialcontent.com,https://www.google.com/s2/favicons?domain=markets.financialcontent.com&sz=128
londondaily.news,https://www.google.com/s2/favicons?domain=londondaily.news&sz=128
financeville.org,https://www.google.com/s2/favicons?domain=financeville.org&sz=128
ourcodeworld.com,https://www.google.com/s2/favicons?domain=ourcodeworld.com&sz=128
notionblogs.com,https://www.google.com/s2/favicons?domain=notionblogs.com&sz=128
travelwarningnews.com,https://www.google.com/s2/favicons?domain=travelwarningnews.com&sz=128
pfpstack.com,https://www.google.com/s2/favicons?domain=pfpstack.com&sz=128
bignewsnetwork.com,https://www.google.com/s2/favicons?domain=bignewsnetwork.com&sz=128
fameimpact.com,https://www.google.com/s2/favicons?domain=fameimpact.com&sz=128
4shared.com,https://www.google.com/s2/favicons?domain=4shared.com&sz=128
trans4mind.com,https://www.google.com/s2/favicons?domain=trans4mind.com&sz=128
thehometroters.com,https://www.google.com/s2/favicons?domain=thehometroters.com&sz=128
mississippitoday.org,https://www.google.com/s2/favicons?domain=mississippitoday.org&sz=128
mirrorreview.com,https://www.google.com/s2/favicons?domain=mirrorreview.com&sz=128
homesmyth.com,https://www.google.com/s2/favicons?domain=homesmyth.com&sz=128
stealthgram.net,https://www.google.com/s2/favicons?domain=stealthgram.net&sz=128
buildingbusinessnews.org,https://www.google.com/s2/favicons?domain=buildingbusinessnews.org&sz=128
devfolio.co,https://www.google.com/s2/favicons?domain=devfolio.co&sz=128
ipsaya.org,https://www.google.com/s2/favicons?domain=ipsaya.org&sz=128
cleverlynames.com,https://www.google.com/s2/favicons?domain=cleverlynames.com&sz=128
postplace.co.uk,https://www.google.com/s2/favicons?domain=postplace.co.uk&sz=128
tinkpro.com,https://www.google.com/s2/favicons?domain=tinkpro.com&sz=128
todaynews.co.uk,https://www.google.com/s2/favicons?domain=todaynews.co.uk&sz=128
coruzant.com,https://www.google.com/s2/favicons?domain=coruzant.com&sz=128
teknobird.com,https://www.google.com/s2/favicons?domain=teknobird.com&sz=128
blankcharacter.net,https://www.google.com/s2/favicons?domain=blankcharacter.net&sz=128
waysoverall.com,https://www.google.com/s2/favicons?domain=waysoverall.com&sz=128
grammarride.com,https://www.google.com/s2/favicons?domain=grammarride.com&sz=128
nickfinder.org,https://www.google.com/s2/favicons?domain=nickfinder.org&sz=128
adobe.com,https://www.google.com/s2/favicons?domain=adobe.com&sz=128
thetanel.co.uk,https://www.google.com/s2/favicons?domain=thetanel.co.uk&sz=128
ganjingworld.com,https://www.google.com/s2/favicons?domain=ganjingworld.com&sz=128
salaryora.com,https://www.google.com/s2/favicons?domain=salaryora.com&sz=128
tumblr.com,https://www.google.com/s2/favicons?domain=tumblr.com&sz=128
dentaltown.com,https://www.google.com/s2/favicons?domain=dentaltown.com&sz=128
boringmagazine.com,https://www.google.com/s2/favicons?domain=boringmagazine.com&sz=128
theconsumersfeedback.com,https://www.google.com/s2/favicons?domain=theconsumersfeedback.com&sz=128
eurogamersonline.org,https://www.google.com/s2/favicons?domain=eurogamersonline.org&sz=128
newznav.com,https://www.google.com/s2/favicons?domain=newznav.com&sz=128
worldwidesciencestories.com,https://www.google.com/s2/favicons?domain=worldwidesciencestories.com&sz=128
gelora.co,https://www.google.com/s2/favicons?domain=gelora.co&sz=128
presseagence.fr,https://www.google.com/s2/favicons?domain=presseagence.fr&sz=128
mymmanews.com,https://www.google.com/s2/favicons?domain=mymmanews.com&sz=128
thatericalper.com,https://www.google.com/s2/favicons?domain=thatericalper.com&sz=128
tfipost.com,https://www.google.com/s2/favicons?domain=tfipost.com&sz=128
pdmeasurement.com,https://www.google.com/s2/favicons?domain=pdmeasurement.com&sz=128
charfen.co.uk,https://www.google.com/s2/favicons?domain=charfen.co.uk&sz=128
onrec.com,https://www.google.com/s2/favicons?domain=onrec.com&sz=128
nerdbot.com,https://www.google.com/s2/favicons?domain=nerdbot.com&sz=128
psu.com,https://www.google.com/s2/favicons?domain=psu.com&sz=128
wikitechlibrary.com,https://www.google.com/s2/favicons?domain=wikitechlibrary.com&sz=128
thequint.com,https://www.google.com/s2/favicons?domain=thequint.com&sz=128
monomousumi.com,https://www.google.com/s2/favicons?domain=monomousumi.com&sz=128
englishsharpmind.com,https://www.google.com/s2/favicons?domain=englishsharpmind.com&sz=128
mydearquotes.com,https://www.google.com/s2/favicons?domain=mydearquotes.com&sz=128
indiehackers.com,https://www.google.com/s2/favicons?domain=indiehackers.com&sz=128
moneynewsweb.com,https://www.google.com/s2/favicons?domain=moneynewsweb.com&sz=128
duaforlife.com,https://www.google.com/s2/favicons?domain=duaforlife.com&sz=128